{
  "overall": {
    "pixel_accuracy": 0.8412470399318555,
    "mIoU": 0.4285889803806621,
    "mean_dice": 0.5754565224139578,
    "mean_hd95": 29.01290424090911
  },
  "per_class": {
    "0": {
      "iou": 0.8573859638692,
      "accuracy": 0.9025632713972918,
      "dice": 0.9232178777566971,
      "hd95": 11.096880327778246
    },
    "1": {
      "iou": 0.5829272546903446,
      "accuracy": 0.8817878992760674,
      "dice": 0.736518059137693,
      "hd95": 21.503928480798802
    },
    "2": {
      "iou": 0.27197519254880886,
      "accuracy": 0.8445440956651719,
      "dice": 0.4276422907333903,
      "hd95": Infinity
    },
    "3": {
      "iou": 0.5658389379254941,
      "accuracy": 0.869033589851072,
      "dice": 0.7227294253841297,
      "hd95": Infinity
    },
    "4": {
      "iou": 0.33009802152865475,
      "accuracy": 0.4575477202633992,
      "dice": 0.496351421001709,
      "hd95": Infinity
    },
    "5": {
      "iou": 0.5107302884993318,
      "accuracy": 0.7838335092746193,
      "dice": 0.6761369549380789,
      "hd95": Infinity
    },
    "6": {
      "iou": 0.5010875960561271,
      "accuracy": 0.7373928633898899,
      "dice": 0.6676327182672835,
      "hd95": Infinity
    },
    "7": {
      "iou": 0.4789457814644112,
      "accuracy": 0.7872256498432285,
      "dice": 0.6476853816644614,
      "hd95": Infinity
    },
    "8": {
      "iou": 0.6902260955395424,
      "accuracy": 0.9468664761445972,
      "dice": 0.8167263508249328,
      "hd95": Infinity
    },
    "9": {
      "iou": 0.12454203345435255,
      "accuracy": 0.25291632299224,
      "dice": 0.22149822727708285,
      "hd95": Infinity
    },
    "10": {
      "iou": 0.28304181595485295,
      "accuracy": 0.8455731482114767,
      "dice": 0.44120435115235945,
      "hd95": Infinity
    },
    "11": {
      "iou": 0.35239993754606885,
      "accuracy": 0.4293937289012968,
      "dice": 0.521147521177055,
      "hd95": Infinity
    },
    "12": {
      "iou": 0.3796453416443005,
      "accuracy": 0.523584421880973,
      "dice": 0.5503520798929795,
      "hd95": Infinity
    },
    "13": {
      "iou": 0.40694435758919767,
      "accuracy": 0.6347762795548852,
      "dice": 0.5784796753248973,
      "hd95": Infinity
    },
    "14": {
      "iou": 0.45257770150224164,
      "accuracy": 0.5831206530421399,
      "dice": 0.6231373385866934,
      "hd95": Infinity
    },
    "15": {
      "iou": 0.740105203857038,
      "accuracy": 0.8578603888338402,
      "dice": 0.8506442049785893,
      "hd95": Infinity
    },
    "16": {
      "iou": 0.26178871337130777,
      "accuracy": 0.48987472920787417,
      "dice": 0.4149485735561037,
      "hd95": Infinity
    },
    "17": {
      "iou": 0.1373854277613597,
      "accuracy": 0.1649741277983184,
      "dice": 0.24158112880304144,
      "hd95": Infinity
    },
    "18": {
      "iou": 0.17056764007975642,
      "accuracy": 0.33214252769461705,
      "dice": 0.29142722597070053,
      "hd95": Infinity
    },
    "19": {
      "iou": 0.3734978976620065,
      "accuracy": 0.5132906946652371,
      "dice": 0.5438638068507881,
      "hd95": 54.43790391415028
    },
    "20": {
      "iou": 0.5286573854495067,
      "accuracy": 0.831434380073423,
      "dice": 0.6916623574144487,
      "hd95": Infinity
    }
  }
}