{
  "overall": {
    "pixel_accuracy": 0.8603449067263433,
    "mIoU": 0.42722656419160143,
    "mean_dice": 0.5656693808416866,
    "mean_hd95": 12.048269726872753
  },
  "per_class": {
    "0": {
      "iou": 0.8763057448885709,
      "accuracy": 0.9531212666103982,
      "dice": 0.9340756401517201,
      "hd95": 12.048269726872753
    },
    "1": {
      "iou": 0.6634551893871181,
      "accuracy": 0.7290447057271483,
      "dice": 0.7976832722876784,
      "hd95": Infinity
    },
    "2": {
      "iou": 0.2640018992942395,
      "accuracy": 0.8504188827475927,
      "dice": 0.4177238965252284,
      "hd95": Infinity
    },
    "3": {
      "iou": 0.6205380199802264,
      "accuracy": 0.665185032862216,
      "dice": 0.7658419763428915,
      "hd95": Infinity
    },
    "4": {
      "iou": 0.20287747524752475,
      "accuracy": 0.21862132199716597,
      "dice": 0.3373202664814672,
      "hd95": Infinity
    },
    "5": {
      "iou": 0.5047068239419175,
      "accuracy": 0.7988387875131956,
      "dice": 0.6708374228272914,
      "hd95": Infinity
    },
    "6": {
      "iou": 0.5697256614766145,
      "accuracy": 0.6593974112296659,
      "dice": 0.7258920147112626,
      "hd95": Infinity
    },
    "7": {
      "iou": 0.45206770586430944,
      "accuracy": 0.8198442399109942,
      "dice": 0.6226537564861366,
      "hd95": Infinity
    },
    "8": {
      "iou": 0.673616827769551,
      "accuracy": 0.9402101384648435,
      "dice": 0.8049833350054064,
      "hd95": Infinity
    },
    "9": {
      "iou": 0.12092901475164981,
      "accuracy": 0.1710404497786456,
      "dice": 0.21576569641823848,
      "hd95": Infinity
    },
    "10": {
      "iou": 0.2824697837216158,
      "accuracy": 0.5816291635319062,
      "dice": 0.44050906665716993,
      "hd95": Infinity
    },
    "11": {
      "iou": 0.30149225843164235,
      "accuracy": 0.31411240548444613,
      "dice": 0.46330242301241853,
      "hd95": Infinity
    },
    "12": {
      "iou": 0.4248838106743175,
      "accuracy": 0.4722198912850923,
      "dice": 0.596376781729654,
      "hd95": Infinity
    },
    "13": {
      "iou": 0.5560288106393394,
      "accuracy": 0.6563041667604619,
      "dice": 0.7146767551313897,
      "hd95": Infinity
    },
    "14": {
      "iou": 0.5167171982927827,
      "accuracy": 0.602632040367044,
      "dice": 0.6813626150931759,
      "hd95": Infinity
    },
    "15": {
      "iou": 0.705476236196193,
      "accuracy": 0.8043239193681672,
      "dice": 0.8273070257134173,
      "hd95": Infinity
    },
    "16": {
      "iou": 0.20948037631567026,
      "accuracy": 0.2177639634548366,
      "dice": 0.3463973131234939,
      "hd95": Infinity
    },
    "17": {
      "iou": 0.009496042239084934,
      "accuracy": 0.009930061742016546,
      "dice": 0.018813431339507778,
      "hd95": Infinity
    },
    "18": {
      "iou": 0.20994127788652242,
      "accuracy": 0.5432589499106896,
      "dice": 0.3470272181361389,
      "hd95": Infinity
    },
    "19": {
      "iou": 0.39913826358150206,
      "accuracy": 0.4513808273873341,
      "dice": 0.5705487069730927,
      "hd95": Infinity
    },
    "20": {
      "iou": 0.4084094274432379,
      "accuracy": 0.5809041845226778,
      "dice": 0.5799583835286387,
      "hd95": Infinity
    }
  }
}