{
  "overall": {
    "pixel_accuracy": 0.8746192263151281,
    "mIoU": 0.46715686852807714,
    "mean_dice": 0.6081014978662945,
    "mean_hd95": 17.80979740870811
  },
  "per_class": {
    "0": {
      "iou": 0.8826460637264013,
      "accuracy": 0.9661780895646537,
      "dice": 0.9376654281786163,
      "hd95": 11.279460588371323
    },
    "1": {
      "iou": 0.6205587198264172,
      "accuracy": 0.7168747217229268,
      "dice": 0.765857740585774,
      "hd95": 24.3401342290449
    },
    "2": {
      "iou": 0.37369945296578355,
      "accuracy": 0.7266659714255919,
      "dice": 0.544077457640353,
      "hd95": Infinity
    },
    "3": {
      "iou": 0.6689477760959629,
      "accuracy": 0.7445209867364775,
      "dice": 0.801640153966686,
      "hd95": Infinity
    },
    "4": {
      "iou": 0.2935012354499717,
      "accuracy": 0.3287155122113862,
      "dice": 0.4538089758342923,
      "hd95": Infinity
    },
    "5": {
      "iou": 0.5917856747481457,
      "accuracy": 0.8061529181118987,
      "dice": 0.7435494415311644,
      "hd95": Infinity
    },
    "6": {
      "iou": 0.679939138576779,
      "accuracy": 0.889142032534546,
      "dice": 0.8094806805356223,
      "hd95": Infinity
    },
    "7": {
      "iou": 0.5131008593625062,
      "accuracy": 0.6165773237584707,
      "dice": 0.6782110474495189,
      "hd95": Infinity
    },
    "8": {
      "iou": 0.7666450864557202,
      "accuracy": 0.9250616809775214,
      "dice": 0.8679106995891057,
      "hd95": Infinity
    },
    "9": {
      "iou": 0.21211746027121903,
      "accuracy": 0.24513104516302792,
      "dice": 0.34999489277838863,
      "hd95": Infinity
    },
    "10": {
      "iou": 0.32868194773777876,
      "accuracy": 0.5866048833869092,
      "dice": 0.4947488724406837,
      "hd95": Infinity
    },
    "11": {
      "iou": 0.3969063354603464,
      "accuracy": 0.43151300100433143,
      "dice": 0.5682647796561779,
      "hd95": Infinity
    },
    "12": {
      "iou": 0.5928669366913051,
      "accuracy": 0.701481543639805,
      "dice": 0.7444023389961314,
      "hd95": Infinity
    },
    "13": {
      "iou": 0.3577402840868123,
      "accuracy": 0.4467505571438219,
      "dice": 0.5269642335572609,
      "hd95": Infinity
    },
    "14": {
      "iou": 0.48011118206062425,
      "accuracy": 0.5602972978238423,
      "dice": 0.6487501586093135,
      "hd95": Infinity
    },
    "15": {
      "iou": 0.6801773146528562,
      "accuracy": 0.8537918449422874,
      "dice": 0.809649444402109,
      "hd95": Infinity
    },
    "16": {
      "iou": 0.30270982944344704,
      "accuracy": 0.3387962701328059,
      "dice": 0.4647386894635974,
      "hd95": Infinity
    },
    "17": {
      "iou": 0.03532031082224141,
      "accuracy": 0.036293137223996075,
      "dice": 0.06823069238193609,
      "hd95": Infinity
    },
    "18": {
      "iou": 0.1765487570297931,
      "accuracy": 0.2016570647479601,
      "dice": 0.30011294640349945,
      "hd95": Infinity
    },
    "19": {
      "iou": 0.35637633394022356,
      "accuracy": 0.39655809826610966,
      "dice": 0.5254829725684809,
      "hd95": Infinity
    },
    "20": {
      "iou": 0.49991353968528446,
      "accuracy": 0.5919761302306533,
      "dice": 0.6665898086234725,
      "hd95": Infinity
    }
  }
}