{
  "overall": {
    "pixel_accuracy": 0.866720142910999,
    "mIoU": 0.424119257595827,
    "mean_dice": 0.5622772106759933,
    "mean_hd95": 24.51441296791953
  },
  "per_class": {
    "0": {
      "iou": 0.8814042485201106,
      "accuracy": 0.9683193477755624,
      "dice": 0.9369642374448897,
      "hd95": 11.607279025720915
    },
    "1": {
      "iou": 0.629107700584306,
      "accuracy": 0.6942167840240101,
      "dice": 0.7723340824657158,
      "hd95": Infinity
    },
    "2": {
      "iou": 0.374014611507117,
      "accuracy": 0.5854972711787813,
      "dice": 0.5444114034520654,
      "hd95": Infinity
    },
    "3": {
      "iou": 0.6526723510450244,
      "accuracy": 0.7942928098578739,
      "dice": 0.7898387731026347,
      "hd95": Infinity
    },
    "4": {
      "iou": 0.37819218579836766,
      "accuracy": 0.5152454780361757,
      "dice": 0.5488235816389949,
      "hd95": 37.421546910118145
    },
    "5": {
      "iou": 0.5276787098775004,
      "accuracy": 0.6671542753732469,
      "dice": 0.690824198132359,
      "hd95": Infinity
    },
    "6": {
      "iou": 0.59444866308102,
      "accuracy": 0.7428502711212174,
      "dice": 0.7456479181115081,
      "hd95": Infinity
    },
    "7": {
      "iou": 0.46797401388912824,
      "accuracy": 0.5493476281986447,
      "dice": 0.6375780626379303,
      "hd95": Infinity
    },
    "8": {
      "iou": 0.6601433630622422,
      "accuracy": 0.9574319881780838,
      "dice": 0.7952847660632933,
      "hd95": Infinity
    },
    "9": {
      "iou": 0.09450087468798185,
      "accuracy": 0.11502853199117949,
      "dice": 0.17268305009792154,
      "hd95": Infinity
    },
    "10": {
      "iou": 0.3256242022527263,
      "accuracy": 0.621597359961699,
      "dice": 0.49127679126462875,
      "hd95": Infinity
    },
    "11": {
      "iou": 0.35043168933190055,
      "accuracy": 0.41841687276845957,
      "dice": 0.5189921002302156,
      "hd95": Infinity
    },
    "12": {
      "iou": 0.458772179523674,
      "accuracy": 0.4958835650284841,
      "dice": 0.6289839989592819,
      "hd95": Infinity
    },
    "13": {
      "iou": 0.3936187446137098,
      "accuracy": 0.4558149307040647,
      "dice": 0.5648872708336239,
      "hd95": Infinity
    },
    "14": {
      "iou": 0.4254026118464316,
      "accuracy": 0.46946657834752287,
      "dice": 0.5968876558958671,
      "hd95": Infinity
    },
    "15": {
      "iou": 0.7085921134037403,
      "accuracy": 0.8261523217275429,
      "dice": 0.8294456094522543,
      "hd95": Infinity
    },
    "16": {
      "iou": 0.15527027428605392,
      "accuracy": 0.1640450849266899,
      "dice": 0.26880337483280176,
      "hd95": Infinity
    },
    "17": {
      "iou": 0.01338844740284588,
      "accuracy": 0.01355081894862938,
      "dice": 0.026423130117889836,
      "hd95": Infinity
    },
    "18": {
      "iou": 0.1280832637228639,
      "accuracy": 0.22373728479542462,
      "dice": 0.22708122324263136,
      "hd95": Infinity
    },
    "19": {
      "iou": 0.3805622734729075,
      "accuracy": 0.4339864690007024,
      "dice": 0.5513148965248409,
      "hd95": Infinity
    },
    "20": {
      "iou": 0.30662188760271425,
      "accuracy": 0.3258252767986427,
      "dice": 0.46933529969451177,
      "hd95": Infinity
    }
  }
}