{
  "overall": {
    "pixel_accuracy": 0.8660386970357556,
    "mIoU": 0.42433169408627325,
    "mean_dice": 0.5615386487018055,
    "mean_hd95": 19.6153277560984
  },
  "per_class": {
    "0": {
      "iou": 0.8837900200149773,
      "accuracy": 0.9630125829245718,
      "dice": 0.9383105448323276,
      "hd95": 10.03491692740545
    },
    "1": {
      "iou": 0.5784227441930205,
      "accuracy": 0.7315677511914381,
      "dice": 0.7329123282352893,
      "hd95": 32.5146286519939
    },
    "2": {
      "iou": 0.2745334370139969,
      "accuracy": 0.49090972294643165,
      "dice": 0.4307983282999298,
      "hd95": Infinity
    },
    "3": {
      "iou": 0.5279400932973238,
      "accuracy": 0.6802755522513189,
      "dice": 0.6910481577298218,
      "hd95": Infinity
    },
    "4": {
      "iou": 0.25361521659412317,
      "accuracy": 0.26518296240726846,
      "dice": 0.40461413237014804,
      "hd95": Infinity
    },
    "5": {
      "iou": 0.6478120558976789,
      "accuracy": 0.6599457095460715,
      "dice": 0.7862693485936054,
      "hd95": Infinity
    },
    "6": {
      "iou": 0.5346754179316948,
      "accuracy": 0.7423823683750219,
      "dice": 0.696792835389629,
      "hd95": Infinity
    },
    "7": {
      "iou": 0.45173417550800216,
      "accuracy": 0.8130575503186002,
      "dice": 0.6223373164717677,
      "hd95": Infinity
    },
    "8": {
      "iou": 0.7625386310201546,
      "accuracy": 0.8392551411664377,
      "dice": 0.865273098245567,
      "hd95": Infinity
    },
    "9": {
      "iou": 0.061862159880319345,
      "accuracy": 0.0703031629269278,
      "dice": 0.11651636571603931,
      "hd95": Infinity
    },
    "10": {
      "iou": 0.30524819522261626,
      "accuracy": 0.7233516859311948,
      "dice": 0.4677243704911689,
      "hd95": 16.29643768889585
    },
    "11": {
      "iou": 0.3364680515818717,
      "accuracy": 0.3590197371040744,
      "dice": 0.5035182864021643,
      "hd95": Infinity
    },
    "12": {
      "iou": 0.4572880812644529,
      "accuracy": 0.5586603638126673,
      "dice": 0.6275877599543329,
      "hd95": Infinity
    },
    "13": {
      "iou": 0.4019839927854808,
      "accuracy": 0.4548844817624504,
      "dice": 0.5734501889523197,
      "hd95": Infinity
    },
    "14": {
      "iou": 0.4027753425343787,
      "accuracy": 0.5482280971770345,
      "dice": 0.574254950627645,
      "hd95": Infinity
    },
    "15": {
      "iou": 0.6856143463917316,
      "accuracy": 0.8508002313312047,
      "dice": 0.8134889784954368,
      "hd95": Infinity
    },
    "16": {
      "iou": 0.2062660161283317,
      "accuracy": 0.2236507487990958,
      "dice": 0.3419909263304448,
      "hd95": Infinity
    },
    "17": {
      "iou": 0.010019850647509217,
      "accuracy": 0.010024633758607179,
      "dice": 0.01984089845577913,
      "hd95": Infinity
    },
    "18": {
      "iou": 0.1687200200622142,
      "accuracy": 0.2651722894496298,
      "dice": 0.2887261571051598,
      "hd95": Infinity
    },
    "19": {
      "iou": 0.46964210408919344,
      "accuracy": 0.4981810787829495,
      "dice": 0.6391244545627016,
      "hd95": Infinity
    },
    "20": {
      "iou": 0.4900156237526657,
      "accuracy": 0.6284535841219231,
      "dice": 0.657732195476637,
      "hd95": Infinity
    }
  }
}