{
  "overall": {
    "pixel_accuracy": 0.8707507267075464,
    "mIoU": 0.43226021685413063,
    "mean_dice": 0.569763065532233,
    "mean_hd95": 9.249950789931102
  },
  "per_class": {
    "0": {
      "iou": 0.8880659880956256,
      "accuracy": 0.9648905416039762,
      "dice": 0.9407149895130121,
      "hd95": 9.249950789931102
    },
    "1": {
      "iou": 0.5601651709847649,
      "accuracy": 0.61966326412823,
      "dice": 0.7180844456759572,
      "hd95": Infinity
    },
    "2": {
      "iou": 0.28019747393744987,
      "accuracy": 0.7773490457816248,
      "dice": 0.43774101986884606,
      "hd95": Infinity
    },
    "3": {
      "iou": 0.699455239036171,
      "accuracy": 0.8063066981975213,
      "dice": 0.8231522937113189,
      "hd95": Infinity
    },
    "4": {
      "iou": 0.24053246965487526,
      "accuracy": 0.2699008085354672,
      "dice": 0.3877890753182673,
      "hd95": Infinity
    },
    "5": {
      "iou": 0.5357325926544041,
      "accuracy": 0.6777409138893078,
      "dice": 0.6976899431800541,
      "hd95": Infinity
    },
    "6": {
      "iou": 0.4918612080787932,
      "accuracy": 0.5520683925135561,
      "dice": 0.6593927175198933,
      "hd95": Infinity
    },
    "7": {
      "iou": 0.5782384485185946,
      "accuracy": 0.7394457368261353,
      "dice": 0.7327643665776299,
      "hd95": Infinity
    },
    "8": {
      "iou": 0.7237123469464406,
      "accuracy": 0.9407699869151699,
      "dice": 0.8397135963300354,
      "hd95": Infinity
    },
    "9": {
      "iou": 0.16442173029967516,
      "accuracy": 0.18873196761324423,
      "dice": 0.28240924404143447,
      "hd95": Infinity
    },
    "10": {
      "iou": 0.17783377175523335,
      "accuracy": 0.3704773955269817,
      "dice": 0.30196752040862546,
      "hd95": Infinity
    },
    "11": {
      "iou": 0.3958696184732891,
      "accuracy": 0.5219161051406728,
      "dice": 0.5672014251678683,
      "hd95": Infinity
    },
    "12": {
      "iou": 0.4529987767331092,
      "accuracy": 0.714721266537999,
      "dice": 0.6235363497712252,
      "hd95": Infinity
    },
    "13": {
      "iou": 0.3034088443800606,
      "accuracy": 0.3253194666426551,
      "dice": 0.46556204630385295,
      "hd95": Infinity
    },
    "14": {
      "iou": 0.39479113272529326,
      "accuracy": 0.45390519978959265,
      "dice": 0.5660935511597465,
      "hd95": Infinity
    },
    "15": {
      "iou": 0.7153099377981004,
      "accuracy": 0.8362078893052345,
      "dice": 0.8340299581267808,
      "hd95": Infinity
    },
    "16": {
      "iou": 0.17181461486267222,
      "accuracy": 0.18285140183981666,
      "dice": 0.2932453865713351,
      "hd95": Infinity
    },
    "17": {
      "iou": 0.010405836549831552,
      "accuracy": 0.010501997270921807,
      "dice": 0.020597340540636028,
      "hd95": Infinity
    },
    "18": {
      "iou": 0.260444395488731,
      "accuracy": 0.3569062534067943,
      "dice": 0.4132580483849825,
      "hd95": Infinity
    },
    "19": {
      "iou": 0.5531325372715549,
      "accuracy": 0.7579688713076269,
      "dice": 0.7122798911202558,
      "hd95": Infinity
    },
    "20": {
      "iou": 0.47907241969207376,
      "accuracy": 0.5529537376958067,
      "dice": 0.6478011668851363,
      "hd95": Infinity
    }
  }
}