{
  "overall": {
    "pixel_accuracy": 0.8426032642895321,
    "mIoU": 0.3444678749407922,
    "mean_dice": 0.4784334450834004,
    "mean_hd95": 47.76311036652716
  },
  "per_class": {
    "0": {
      "iou": 0.8556232392782862,
      "accuracy": 0.9665428030407779,
      "dice": 0.9221950029156422,
      "hd95": 29.103745950438867
    },
    "1": {
      "iou": 0.6352636785632753,
      "accuracy": 0.7735582526470988,
      "dice": 0.7769556517287914,
      "hd95": 47.101362575248196
    },
    "2": {
      "iou": 0.33781228580207523,
      "accuracy": 0.4955489871453709,
      "dice": 0.5050219517150606,
      "hd95": Infinity
    },
    "3": {
      "iou": 0.2864087860173939,
      "accuracy": 0.28859710509356457,
      "dice": 0.4452842504350266,
      "hd95": Infinity
    },
    "4": {
      "iou": 0.21449086548426258,
      "accuracy": 0.24213354279912594,
      "dice": 0.35321939683545844,
      "hd95": Infinity
    },
    "5": {
      "iou": 0.08904240337411712,
      "accuracy": 0.09314259233444226,
      "dice": 0.16352421741934417,
      "hd95": Infinity
    },
    "6": {
      "iou": 0.5353459674299041,
      "accuracy": 0.5950230180763301,
      "dice": 0.6973620002090445,
      "hd95": 58.435334022976946
    },
    "7": {
      "iou": 0.5586720744692302,
      "accuracy": 0.6561045475345926,
      "dice": 0.7168564621387383,
      "hd95": Infinity
    },
    "8": {
      "iou": 0.47722839187043925,
      "accuracy": 0.7648295696166302,
      "dice": 0.646113213768091,
      "hd95": Infinity
    },
    "9": {
      "iou": 0.06673619707044408,
      "accuracy": 0.07562171687646413,
      "dice": 0.1251222134464366,
      "hd95": Infinity
    },
    "10": {
      "iou": 0.14040973143045812,
      "accuracy": 0.16995067575076295,
      "dice": 0.24624435860317853,
      "hd95": Infinity
    },
    "11": {
      "iou": 0.36618059208831927,
      "accuracy": 0.4796429187663421,
      "dice": 0.5360646962911135,
      "hd95": Infinity
    },
    "12": {
      "iou": 0.3025763930497304,
      "accuracy": 0.5687215394408265,
      "dice": 0.46458141674333026,
      "hd95": Infinity
    },
    "13": {
      "iou": 0.22805938542341905,
      "accuracy": 0.24473039813103037,
      "dice": 0.3714142624214986,
      "hd95": Infinity
    },
    "14": {
      "iou": 0.42440529984351305,
      "accuracy": 0.7282144848085027,
      "dice": 0.5959052523746419,
      "hd95": 56.41199891744462
    },
    "15": {
      "iou": 0.6440211319664068,
      "accuracy": 0.7328304454807608,
      "dice": 0.783470625096036,
      "hd95": Infinity
    },
    "16": {
      "iou": 0.14997684322297153,
      "accuracy": 0.15585162577767345,
      "dice": 0.26083454481159873,
      "hd95": Infinity
    },
    "17": {
      "iou": 0.13241517132984465,
      "accuracy": 0.13890803983647027,
      "dice": 0.23386329445647347,
      "hd95": Infinity
    },
    "18": {
      "iou": 0.13795810991282406,
      "accuracy": 0.17238032346991186,
      "dice": 0.2424660604130545,
      "hd95": Infinity
    },
    "19": {
      "iou": 0.2130928112093032,
      "accuracy": 0.22996435871078097,
      "dice": 0.35132152996088745,
      "hd95": Infinity
    },
    "20": {
      "iou": 0.4381060149204177,
      "accuracy": 0.47229881992863326,
      "dice": 0.6092819449679608,
      "hd95": Infinity
    }
  }
}