{
  "overall": {
    "pixel_accuracy": 0.8339915526596782,
    "mIoU": 0.42861452735504624,
    "mean_dice": 0.5748498602789005,
    "mean_hd95": 24.563457026056426
  },
  "per_class": {
    "0": {
      "iou": 0.8528271921327235,
      "accuracy": 0.8862100565538444,
      "dice": 0.9205685190220729,
      "hd95": 10.709237547298196
    },
    "1": {
      "iou": 0.5053224826000292,
      "accuracy": 0.8841872660411273,
      "dice": 0.6713810342182946,
      "hd95": 25.2297620175786
    },
    "2": {
      "iou": 0.21122983919525373,
      "accuracy": 0.9146243960093162,
      "dice": 0.3487857256482316,
      "hd95": Infinity
    },
    "3": {
      "iou": 0.6502271529686543,
      "accuracy": 0.7222094798199894,
      "dice": 0.788045635776792,
      "hd95": Infinity
    },
    "4": {
      "iou": 0.4605268334907145,
      "accuracy": 0.7805117946153205,
      "dice": 0.6306311160200158,
      "hd95": 22.183981113562123
    },
    "5": {
      "iou": 0.564261729920389,
      "accuracy": 0.8540340823405218,
      "dice": 0.7214415837547932,
      "hd95": Infinity
    },
    "6": {
      "iou": 0.45213046355387565,
      "accuracy": 0.7051163197481196,
      "dice": 0.6227132821762487,
      "hd95": 40.13084742578679
    },
    "7": {
      "iou": 0.5026446687386916,
      "accuracy": 0.8064124608071205,
      "dice": 0.6690133458638731,
      "hd95": Infinity
    },
    "8": {
      "iou": 0.4867236299546652,
      "accuracy": 0.9582099171294096,
      "dice": 0.654760064544756,
      "hd95": Infinity
    },
    "9": {
      "iou": 0.14224983333494362,
      "accuracy": 0.24783274698267882,
      "dice": 0.24906956286371634,
      "hd95": Infinity
    },
    "10": {
      "iou": 0.2958044456577157,
      "accuracy": 0.6299500718145133,
      "dice": 0.4565572323030166,
      "hd95": Infinity
    },
    "11": {
      "iou": 0.47412319682778425,
      "accuracy": 0.6443427823078387,
      "dice": 0.6432612930154902,
      "hd95": Infinity
    },
    "12": {
      "iou": 0.42923422341157075,
      "accuracy": 0.4830540870651637,
      "dice": 0.6006492377253493,
      "hd95": Infinity
    },
    "13": {
      "iou": 0.37745039525919993,
      "accuracy": 0.7355423992076177,
      "dice": 0.5480420878432776,
      "hd95": Infinity
    },
    "14": {
      "iou": 0.5396147471073848,
      "accuracy": 0.8165997779033295,
      "dice": 0.7009737314106772,
      "hd95": Infinity
    },
    "15": {
      "iou": 0.6905925394262017,
      "accuracy": 0.8766807262382483,
      "dice": 0.8169828309553446,
      "hd95": Infinity
    },
    "16": {
      "iou": 0.25270591493388106,
      "accuracy": 0.5156823961571065,
      "dice": 0.40345608960778173,
      "hd95": Infinity
    },
    "17": {
      "iou": 0.08027819969621872,
      "accuracy": 0.09044687529553755,
      "dice": 0.14862504810111596,
      "hd95": Infinity
    },
    "18": {
      "iou": 0.1446377931242404,
      "accuracy": 0.2574823685291873,
      "dice": 0.25272237906710676,
      "hd95": Infinity
    },
    "19": {
      "iou": 0.3767034393251136,
      "accuracy": 0.49789641021849235,
      "dice": 0.5472543012019797,
      "hd95": Infinity
    },
    "20": {
      "iou": 0.5116163537967191,
      "accuracy": 0.7079463515233066,
      "dice": 0.6769129647369783,
      "hd95": Infinity
    }
  }
}