{
  "overall": {
    "pixel_accuracy": 0.8730478865390406,
    "mIoU": 0.4671274455419915,
    "mean_dice": 0.6111401089084467,
    "mean_hd95": 43.73978673559585
  },
  "per_class": {
    "0": {
      "iou": 0.8983017139752224,
      "accuracy": 0.9537970027287889,
      "dice": 0.9464267006261023,
      "hd95": 20.53200468163797
    },
    "1": {
      "iou": 0.7084572718794483,
      "accuracy": 0.7430306449819408,
      "dice": 0.8293532223958812,
      "hd95": 27.703650575829133
    },
    "2": {
      "iou": 0.42823677808811605,
      "accuracy": 0.7003822583581093,
      "dice": 0.5996719656825638,
      "hd95": Infinity
    },
    "3": {
      "iou": 0.5617316101212466,
      "accuracy": 0.6417503864751489,
      "dice": 0.7193702253073254,
      "hd95": Infinity
    },
    "4": {
      "iou": 0.3424909655646149,
      "accuracy": 0.3833098659223946,
      "dice": 0.5102320601771388,
      "hd95": 68.38770038811211
    },
    "5": {
      "iou": 0.4093037879333722,
      "accuracy": 0.4708595024508234,
      "dice": 0.5808595583690049,
      "hd95": Infinity
    },
    "6": {
      "iou": 0.5476876135847714,
      "accuracy": 0.9161183436614663,
      "dice": 0.7077495597657607,
      "hd95": Infinity
    },
    "7": {
      "iou": 0.5344555651568412,
      "accuracy": 0.6442496580563443,
      "dice": 0.6966061152799989,
      "hd95": Infinity
    },
    "8": {
      "iou": 0.6637860951063466,
      "accuracy": 0.9433966713203242,
      "dice": 0.7979223976672535,
      "hd95": 39.81794585800655
    },
    "9": {
      "iou": 0.25924691672426964,
      "accuracy": 0.37462410995546097,
      "dice": 0.411749138760902,
      "hd95": Infinity
    },
    "10": {
      "iou": 0.22163750615659739,
      "accuracy": 0.5731700019661312,
      "dice": 0.3628531459448929,
      "hd95": 25.52956488000303
    },
    "11": {
      "iou": 0.4505477861362145,
      "accuracy": 0.5231366164219319,
      "dice": 0.6212105391389092,
      "hd95": Infinity
    },
    "12": {
      "iou": 0.6141574898174686,
      "accuracy": 0.7214438436589933,
      "dice": 0.7609635288895119,
      "hd95": Infinity
    },
    "13": {
      "iou": 0.35631974739699884,
      "accuracy": 0.407513377907609,
      "dice": 0.5254214547577519,
      "hd95": Infinity
    },
    "14": {
      "iou": 0.5485153990131019,
      "accuracy": 0.5964022892531202,
      "dice": 0.7084403543712657,
      "hd95": 42.54937237306378
    },
    "15": {
      "iou": 0.68879335717619,
      "accuracy": 0.8999066809306862,
      "dice": 0.8157224852280478,
      "hd95": Infinity
    },
    "16": {
      "iou": 0.3301370963032179,
      "accuracy": 0.35390304026294167,
      "dice": 0.49639559293662444,
      "hd95": Infinity
    },
    "17": {
      "iou": 0.027163381039433016,
      "accuracy": 0.02782479600960484,
      "dice": 0.05289008845300767,
      "hd95": Infinity
    },
    "18": {
      "iou": 0.24268232855732985,
      "accuracy": 0.44281416726937306,
      "dice": 0.3905782241855288,
      "hd95": Infinity
    },
    "19": {
      "iou": 0.3874911021374828,
      "accuracy": 0.430366489245271,
      "dice": 0.5585493147171006,
      "hd95": 81.65826839251844
    },
    "20": {
      "iou": 0.5885328445135393,
      "accuracy": 0.6484658341764153,
      "dice": 0.74097661442281,
      "hd95": Infinity
    }
  }
}