{
  "overall": {
    "pixel_accuracy": 0.877871272691113,
    "mIoU": 0.46299490078730504,
    "mean_dice": 0.608477761591289,
    "mean_hd95": 42.45853146709505
  },
  "per_class": {
    "0": {
      "iou": 0.8976286876101027,
      "accuracy": 0.9642549430226897,
      "dice": 0.9460530328940036,
      "hd95": 21.8588223498529
    },
    "1": {
      "iou": 0.6576492738347364,
      "accuracy": 0.6912274054519322,
      "dice": 0.7934721586953772,
      "hd95": Infinity
    },
    "2": {
      "iou": 0.4349480818995853,
      "accuracy": 0.6963949829673997,
      "dice": 0.6062213502857897,
      "hd95": Infinity
    },
    "3": {
      "iou": 0.7403123137350797,
      "accuracy": 0.766060958300221,
      "dice": 0.8507809867140598,
      "hd95": Infinity
    },
    "4": {
      "iou": 0.3268383509912934,
      "accuracy": 0.3645080826777082,
      "dice": 0.49265737721118685,
      "hd95": Infinity
    },
    "5": {
      "iou": 0.2672717369458903,
      "accuracy": 0.34571492082389865,
      "dice": 0.42180651418931187,
      "hd95": Infinity
    },
    "6": {
      "iou": 0.5274981668493768,
      "accuracy": 0.6360638049914263,
      "dice": 0.6906694597708046,
      "hd95": 43.99422629304769
    },
    "7": {
      "iou": 0.528531485139964,
      "accuracy": 0.6188914704967727,
      "dice": 0.6915545937760877,
      "hd95": Infinity
    },
    "8": {
      "iou": 0.622477958767201,
      "accuracy": 0.9385082981192122,
      "dice": 0.76731761489096,
      "hd95": 33.788686309898324
    },
    "9": {
      "iou": 0.279721960943971,
      "accuracy": 0.3351971871858821,
      "dice": 0.4371605231149391,
      "hd95": Infinity
    },
    "10": {
      "iou": 0.2670007834777301,
      "accuracy": 0.5010706866927108,
      "dice": 0.421469010847574,
      "hd95": 48.49100983272401
    },
    "11": {
      "iou": 0.4254456629073333,
      "accuracy": 0.5070367699434138,
      "dice": 0.5969300324497757,
      "hd95": Infinity
    },
    "12": {
      "iou": 0.5016463188694061,
      "accuracy": 0.6092267588130096,
      "dice": 0.6681284568354245,
      "hd95": Infinity
    },
    "13": {
      "iou": 0.41960118438797944,
      "accuracy": 0.4684348879330711,
      "dice": 0.5911536127224049,
      "hd95": Infinity
    },
    "14": {
      "iou": 0.5161398997633794,
      "accuracy": 0.710480319580125,
      "dice": 0.6808605193279752,
      "hd95": 52.9008052583074
    },
    "15": {
      "iou": 0.7450996256503877,
      "accuracy": 0.8678395164990708,
      "dice": 0.853933626136323,
      "hd95": Infinity
    },
    "16": {
      "iou": 0.33433412757544684,
      "accuracy": 0.35467386625973313,
      "dice": 0.5011250490654077,
      "hd95": Infinity
    },
    "17": {
      "iou": 0.07014766316692415,
      "accuracy": 0.07210716032998364,
      "dice": 0.1310990353599125,
      "hd95": Infinity
    },
    "18": {
      "iou": 0.21163170687729665,
      "accuracy": 0.31741140215716485,
      "dice": 0.3493333917824401,
      "hd95": Infinity
    },
    "19": {
      "iou": 0.4479339369330243,
      "accuracy": 0.610599289021393,
      "dice": 0.6187215113996516,
      "hd95": 53.71763875873996
    },
    "20": {
      "iou": 0.5010339902072954,
      "accuracy": 0.7725139428116451,
      "dice": 0.6675851359476567,
      "hd95": Infinity
    }
  }
}