{
  "overall": {
    "pixel_accuracy": 0.8162,
    "mIoU": 0.2473,
    "mean_dice": 0.3561,
    "mean_hd95": 13.58
  },
  "per_class": {
    "0": {
      "iou": 0.8648517944946035,
      "accuracy": 0.9497635095187419,
      "dice": 0.9275287152017229,
      "hd95": 12.90140957491727
    },
    "1": {
      "iou": 0.40426877016027646,
      "accuracy": 0.4639847627842549,
      "dice": 0.5757712180897324,
      "hd95": Infinity
    },
    "2": {
      "iou": 0.24170398303087437,
      "accuracy": 0.7130044843049327,
      "dice": 0.3893101517495326,
      "hd95": Infinity
    },
    "3": {
      "iou": 0.4729594662128395,
      "accuracy": 0.5538964069062062,
      "dice": 0.6421893841096342,
      "hd95": Infinity
    },
    "4": {
      "iou": 0.15877068296923946,
      "accuracy": 0.19179794948737183,
      "dice": 0.2740329649390244,
      "hd95": Infinity
    },
    "5": {
      "iou": 0.1571015794901116,
      "accuracy": 0.23204644849947217,
      "dice": 0.271543280684726,
      "hd95": Infinity
    },
    "6": {
      "iou": 0.46973333484998425,
      "accuracy": 0.541748294560084,
      "dice": 0.6392089281936713,
      "hd95": Infinity
    },
    "7": {
      "iou": 0.3764735806073474,
      "accuracy": 0.6886416506523718,
      "dice": 0.5470117057259237,
      "hd95": Infinity
    },
    "8": {
      "iou": 0.5832528713208693,
      "accuracy": 0.768782590015168,
      "dice": 0.736777910700109,
      "hd95": Infinity
    },
    "9": {
      "iou": 0.0931901653917234,
      "accuracy": 0.16764017708350867,
      "dice": 0.17049214005384053,
      "hd95": Infinity
    },
    "10": {
      "iou": 0.13510800834179038,
      "accuracy": 0.3107260105327953,
      "dice": 0.23805313212292697,
      "hd95": Infinity
    },
    "11": {
      "iou": 0.25929259261794113,
      "accuracy": 0.33523876100008404,
      "dice": 0.411806746323979,
      "hd95": Infinity
    },
    "12": {
      "iou": 0.29512092993082134,
      "accuracy": 0.4665696996820602,
      "dice": 0.4557426617243923,
      "hd95": Infinity
    },
    "13": {
      "iou": 0.2212108773119642,
      "accuracy": 0.27901462455634846,
      "dice": 0.3622812102671025,
      "hd95": Infinity
    },
    "14": {
      "iou": 0.24855465313721078,
      "accuracy": 0.29587562586452104,
      "dice": 0.39814781437508395,
      "hd95": Infinity
    },
    "15": {
      "iou": 0.5832524033767011,
      "accuracy": 0.8352600387998618,
      "dice": 0.736777537343714,
      "hd95": Infinity
    },
    "16": {
      "iou": 0.04004663363450889,
      "accuracy": 0.04313836300273147,
      "dice": 0.07700930388969847,
      "hd95": Infinity
    },
    "17": {
      "iou": 4.5033888000720545e-06,
      "accuracy": 4.5034293614587505e-06,
      "dice": 9.006737039305401e-06,
      "hd95": Infinity
    },
    "18": {
      "iou": 0.058399789099057534,
      "accuracy": 0.07430794904693619,
      "dice": 0.11035487667428437,
      "hd95": Infinity
    },
    "19": {
      "iou": 0.3819626096322511,
      "accuracy": 0.5139302746866797,
      "dice": 0.5527828422708104,
      "hd95": Infinity
    },
    "20": {
      "iou": 0.34293099823135814,
      "accuracy": 0.4055374354624037,
      "dice": 0.5107202062995027,
      "hd95": Infinity
    }
  }
}