{
  "overall": {
    "pixel_accuracy": 0.6973734686091687,
    "mIoU": 0.06245343055936611,
    "mean_dice": 0.09137923169617271,
    "mean_hd95": 25.647832290825594
  },
  "per_class": {
    "0": {
      "iou": 0.7218723114488848,
      "accuracy": 0.9090114086270097,
      "dice": 0.8384736854749223,
      "hd95": 25.647832290825594
    },
    "1": {
      "iou": 0.004561894123436731,
      "accuracy": 0.004815224023350538,
      "dice": 0.009082355502678828,
      "hd95": Infinity
    },
    "2": {
      "iou": 0.0,
      "accuracy": 0.0,
      "dice": 0.0,
      "hd95": Infinity
    },
    "3": {
      "iou": 0.028583233173076924,
      "accuracy": 0.048150462285565146,
      "dice": 0.05557787109731605,
      "hd95": Infinity
    },
    "4": {
      "iou": 0.01010536604999497,
      "accuracy": 0.011719596565808118,
      "dice": 0.020008538494378825,
      "hd95": Infinity
    },
    "5": {
      "iou": 0.0,
      "accuracy": 0.0,
      "dice": 0.0,
      "hd95": Infinity
    },
    "6": {
      "iou": 0.1396204963836821,
      "accuracy": 0.291066118593668,
      "dice": 0.2450298091807491,
      "hd95": Infinity
    },
    "7": {
      "iou": 0.0,
      "accuracy": 0.0,
      "dice": 0.0,
      "hd95": Infinity
    },
    "8": {
      "iou": 0.016801789124230953,
      "accuracy": 0.018071387187282326,
      "dice": 0.03304830755402642,
      "hd95": Infinity
    },
    "9": {
      "iou": 0.0,
      "accuracy": 0.0,
      "dice": 0.0,
      "hd95": Infinity
    },
    "10": {
      "iou": 0.0,
      "accuracy": 0.0,
      "dice": 0.0,
      "hd95": Infinity
    },
    "11": {
      "iou": 0.05153264346778672,
      "accuracy": 0.05829989248786617,
      "dice": 0.09801434846157565,
      "hd95": Infinity
    },
    "12": {
      "iou": 0.0420918685595948,
      "accuracy": 0.04718749125898576,
      "dice": 0.0807834123449696,
      "hd95": Infinity
    },
    "13": {
      "iou": 0.0721213391513119,
      "accuracy": 0.0852036107421831,
      "dice": 0.13453950876195214,
      "hd95": Infinity
    },
    "14": {
      "iou": 0.010092442580768132,
      "accuracy": 0.01031580587971712,
      "dice": 0.019983205804375927,
      "hd95": Infinity
    },
    "15": {
      "iou": 0.14079931788602262,
      "accuracy": 0.2846221695779218,
      "dice": 0.2468432715176113,
      "hd95": Infinity
    },
    "16": {
      "iou": 0.0,
      "accuracy": 0.0,
      "dice": 0.0,
      "hd95": Infinity
    },
    "17": {
      "iou": 0.0,
      "accuracy": 0.0,
      "dice": 0.0,
      "hd95": Infinity
    },
    "18": {
      "iou": 0.06969746559469575,
      "accuracy": 0.11071976653500717,
      "dice": 0.13031248149391025,
      "hd95": Infinity
    },
    "19": {
      "iou": 0.0027507428429087415,
      "accuracy": 0.00285777662760176,
      "dice": 0.005486394026715119,
      "hd95": Infinity
    },
    "20": {
      "iou": 0.0008911313602931948,
      "accuracy": 0.0010384519752526656,
      "dice": 0.0017806759044454198,
      "hd95": Infinity
    }
  }
}