{
  "overall": {
    "pixel_accuracy": 0.8207256315000162,
    "mIoU": 0.27203582679237687,
    "mean_dice": 0.37825054672120767,
    "mean_hd95": 31.788052813058467
  },
  "per_class": {
    "0": {
      "iou": 0.8406813611192202,
      "accuracy": 0.9622571385467252,
      "dice": 0.9134458346533663,
      "hd95": 14.692859976697934
    },
    "1": {
      "iou": 0.39482651395403073,
      "accuracy": 0.5025230454642898,
      "dice": 0.5661299236917761,
      "hd95": 48.366424969228895
    },
    "2": {
      "iou": 0.0,
      "accuracy": 0.0,
      "dice": 0.0,
      "hd95": Infinity
    },
    "3": {
      "iou": 0.4290997148087906,
      "accuracy": 0.4652910144973386,
      "dice": 0.600517529130153,
      "hd95": Infinity
    },
    "4": {
      "iou": 0.01692706263807874,
      "accuracy": 0.017754438609652413,
      "dice": 0.033290612984902004,
      "hd95": Infinity
    },
    "5": {
      "iou": 0.00027994283272679056,
      "accuracy": 0.00028653295128939826,
      "dice": 0.0005597289733392252,
      "hd95": Infinity
    },
    "6": {
      "iou": 0.20554955664747407,
      "accuracy": 0.25555361203428373,
      "dice": 0.34100556964093465,
      "hd95": Infinity
    },
    "7": {
      "iou": 0.33565810869108326,
      "accuracy": 0.6138262364721351,
      "dice": 0.5026108200997951,
      "hd95": Infinity
    },
    "8": {
      "iou": 0.6569198566508586,
      "accuracy": 0.7344755977684181,
      "dice": 0.792941015238594,
      "hd95": Infinity
    },
    "9": {
      "iou": 0.060453355411846314,
      "accuracy": 0.11369030585621223,
      "dice": 0.11401417158677037,
      "hd95": Infinity
    },
    "10": {
      "iou": 0.12930822622961707,
      "accuracy": 0.3328773681690719,
      "dice": 0.2290043111814284,
      "hd95": 32.30487349324857
    },
    "11": {
      "iou": 0.3097286006113014,
      "accuracy": 0.3568783431628035,
      "dice": 0.47296607933390017,
      "hd95": Infinity
    },
    "12": {
      "iou": 0.3743707498012894,
      "accuracy": 0.5138038096836453,
      "dice": 0.5447885875851433,
      "hd95": Infinity
    },
    "13": {
      "iou": 0.2975432633905753,
      "accuracy": 0.33634228515258613,
      "dice": 0.45862557617242455,
      "hd95": Infinity
    },
    "14": {
      "iou": 0.3407549877508736,
      "accuracy": 0.3908950106177794,
      "dice": 0.5083031439211613,
      "hd95": Infinity
    },
    "15": {
      "iou": 0.6332199579332842,
      "accuracy": 0.6914816206851605,
      "dice": 0.7754252020463624,
      "hd95": Infinity
    },
    "16": {
      "iou": 0.0,
      "accuracy": 0.0,
      "dice": 0.0,
      "hd95": Infinity
    },
    "17": {
      "iou": 0.0,
      "accuracy": 0.0,
      "dice": 0.0,
      "hd95": Infinity
    },
    "18": {
      "iou": 0.10507391384447282,
      "accuracy": 0.2774073980896794,
      "dice": 0.1901663092904405,
      "hd95": Infinity
    },
    "19": {
      "iou": 0.25387398435318026,
      "accuracy": 0.2923657066804688,
      "dice": 0.40494337951216514,
      "hd95": Infinity
    },
    "20": {
      "iou": 0.3284832059712102,
      "accuracy": 0.43255181290313144,
      "dice": 0.49452368610270386,
      "hd95": Infinity
    }
  }
}