{
  "overall": {
    "pixel_accuracy": 0.8128787770049907,
    "mIoU": 0.20090910071515852,
    "mean_dice": 0.29367321521242423,
    "mean_hd95": 34.18192941930824
  },
  "per_class": {
    "0": {
      "iou": 0.8320510587817601,
      "accuracy": 0.9818496863351943,
      "dice": 0.9083273687088617,
      "hd95": 34.18192941930824
    },
    "1": {
      "iou": 0.19709954226975718,
      "accuracy": 0.21653082825054673,
      "dice": 0.32929515935833903,
      "hd95": Infinity
    },
    "2": {
      "iou": 0.0,
      "accuracy": 0.0,
      "dice": 0.0,
      "hd95": Infinity
    },
    "3": {
      "iou": 0.23421862792081016,
      "accuracy": 0.24830682370802643,
      "dice": 0.37954155385805455,
      "hd95": Infinity
    },
    "4": {
      "iou": 0.038889297222856216,
      "accuracy": 0.04200318376862943,
      "dice": 0.07486706683149882,
      "hd95": Infinity
    },
    "5": {
      "iou": 0.01167308084783813,
      "accuracy": 0.01206762087400771,
      "dice": 0.023076784524216933,
      "hd95": Infinity
    },
    "6": {
      "iou": 0.2556538299547694,
      "accuracy": 0.2902663137264772,
      "dice": 0.40720431675659907,
      "hd95": Infinity
    },
    "7": {
      "iou": 0.22014106247052265,
      "accuracy": 0.25961677028212565,
      "dice": 0.36084526493155544,
      "hd95": Infinity
    },
    "8": {
      "iou": 0.4976038916627568,
      "accuracy": 0.6933326394857289,
      "dice": 0.6645333848729227,
      "hd95": Infinity
    },
    "9": {
      "iou": 0.06733534484884858,
      "accuracy": 0.08611509490303614,
      "dice": 0.12617467448037023,
      "hd95": Infinity
    },
    "10": {
      "iou": 0.06582848851084953,
      "accuracy": 0.07368290577102264,
      "dice": 0.12352548129544473,
      "hd95": Infinity
    },
    "11": {
      "iou": 0.18619181568886892,
      "accuracy": 0.20389378260119367,
      "dice": 0.31393205251671696,
      "hd95": Infinity
    },
    "12": {
      "iou": 0.18710420531133923,
      "accuracy": 0.3772404128864982,
      "dice": 0.31522793782415726,
      "hd95": Infinity
    },
    "13": {
      "iou": 0.12193901452237979,
      "accuracy": 0.15031818232953714,
      "dice": 0.21737191227687255,
      "hd95": Infinity
    },
    "14": {
      "iou": 0.1779853611724437,
      "accuracy": 0.19436864180881183,
      "dice": 0.30218603225305896,
      "hd95": Infinity
    },
    "15": {
      "iou": 0.5699835845349205,
      "accuracy": 0.6867018586970305,
      "dice": 0.7261013301661596,
      "hd95": Infinity
    },
    "16": {
      "iou": 0.0,
      "accuracy": 0.0,
      "dice": 0.0,
      "hd95": Infinity
    },
    "17": {
      "iou": 0.0,
      "accuracy": 0.0,
      "dice": 0.0,
      "hd95": Infinity
    },
    "18": {
      "iou": 0.0978713632845494,
      "accuracy": 0.12777166336488371,
      "dice": 0.17829295226672712,
      "hd95": Infinity
    },
    "19": {
      "iou": 0.11518093668161344,
      "accuracy": 0.12661570304036174,
      "dice": 0.206569056003327,
      "hd95": Infinity
    },
    "20": {
      "iou": 0.34234060933144533,
      "accuracy": 0.701987238720658,
      "dice": 0.5100651905360273,
      "hd95": Infinity
    }
  }
}