{
  "overall": {
    "pixel_accuracy": 0.8161052538905097,
    "mIoU": 0.2832598535611483,
    "mean_dice": 0.40359353836043677,
    "mean_hd95": 40.10906001644451
  },
  "per_class": {
    "0": {
      "iou": 0.8679433037254132,
      "accuracy": 0.9364907870647862,
      "dice": 0.929303691385486,
      "hd95": 11.860172697051073
    },
    "1": {
      "iou": 0.3246669790481291,
      "accuracy": 0.39991095133655447,
      "dice": 0.490186566409961,
      "hd95": Infinity
    },
    "2": {
      "iou": 0.2910323077211887,
      "accuracy": 0.5389161191643203,
      "dice": 0.4508520909672541,
      "hd95": Infinity
    },
    "3": {
      "iou": 0.29551092421368214,
      "accuracy": 0.35237311862824966,
      "dice": 0.4562075374131549,
      "hd95": Infinity
    },
    "4": {
      "iou": 0.010271179104726073,
      "accuracy": 0.010285904809535716,
      "dice": 0.02033350909570261,
      "hd95": Infinity
    },
    "5": {
      "iou": 0.20154037225662869,
      "accuracy": 0.36463580153822955,
      "dice": 0.3354699965313909,
      "hd95": Infinity
    },
    "6": {
      "iou": 0.449223434226685,
      "accuracy": 0.8158037432219696,
      "dice": 0.6199505522989194,
      "hd95": 19.961627247876237
    },
    "7": {
      "iou": 0.31942069188403066,
      "accuracy": 0.4798321027612016,
      "dice": 0.48418323867260654,
      "hd95": Infinity
    },
    "8": {
      "iou": 0.5021351372777,
      "accuracy": 0.6185121050952719,
      "dice": 0.6685618687912633,
      "hd95": Infinity
    },
    "9": {
      "iou": 0.122579532622421,
      "accuracy": 0.3709327183665225,
      "dice": 0.21838903892371347,
      "hd95": Infinity
    },
    "10": {
      "iou": 0.0637787783663103,
      "accuracy": 0.0727805895629574,
      "dice": 0.11990985280653567,
      "hd95": Infinity
    },
    "11": {
      "iou": 0.2389817170256767,
      "accuracy": 0.28887138805686197,
      "dice": 0.38577117602571376,
      "hd95": Infinity
    },
    "12": {
      "iou": 0.1960631534402907,
      "accuracy": 0.5443017910920906,
      "dice": 0.32784749346444686,
      "hd95": Infinity
    },
    "13": {
      "iou": 0.14003037516373432,
      "accuracy": 0.24145150034891835,
      "dice": 0.24566077924655783,
      "hd95": Infinity
    },
    "14": {
      "iou": 0.21605273237997957,
      "accuracy": 0.26373005513452435,
      "dice": 0.35533447954536507,
      "hd95": Infinity
    },
    "15": {
      "iou": 0.6179702138934479,
      "accuracy": 0.8205209001669179,
      "dice": 0.7638833009247777,
      "hd95": Infinity
    },
    "16": {
      "iou": 0.304068691609875,
      "accuracy": 0.42304794197984363,
      "dice": 0.4663384583437881,
      "hd95": Infinity
    },
    "17": {
      "iou": 0.0,
      "accuracy": 0.0,
      "dice": 0.0,
      "hd95": Infinity
    },
    "18": {
      "iou": 0.00873314172009728,
      "accuracy": 0.025174637517086384,
      "dice": 0.017315068493150686,
      "hd95": 88.50538010440621
    },
    "19": {
      "iou": 0.3670249844076751,
      "accuracy": 0.4438167769603312,
      "dice": 0.5369689487668071,
      "hd95": Infinity
    },
    "20": {
      "iou": 0.4114292746964227,
      "accuracy": 0.5867399921019145,
      "dice": 0.5829966574625781,
      "hd95": Infinity
    }
  }
}