{
  "overall": {
    "pixel_accuracy": 0.8338638568060686,
    "mIoU": 0.2521471211034446,
    "mean_dice": 0.34730426591224145,
    "mean_hd95": 11.318803235232956
  },
  "per_class": {
    "0": {
      "iou": 0.8815099194916333,
      "accuracy": 0.9707475545661012,
      "dice": 0.9370239405698262,
      "hd95": 11.318803235232956
    },
    "1": {
      "iou": 0.0027607463080168777,
      "accuracy": 0.0027621576161342984,
      "dice": 0.005506291143089604,
      "hd95": Infinity
    },
    "2": {
      "iou": 0.0,
      "accuracy": 0.0,
      "dice": 0.0,
      "hd95": Infinity
    },
    "3": {
      "iou": 0.25490733926540443,
      "accuracy": 0.301343752224428,
      "dice": 0.4062568307467572,
      "hd95": Infinity
    },
    "4": {
      "iou": 0.2060311255017234,
      "accuracy": 0.23019088105359672,
      "dice": 0.3416680069778663,
      "hd95": Infinity
    },
    "5": {
      "iou": 0.0,
      "accuracy": 0.0,
      "dice": 0.0,
      "hd95": Infinity
    },
    "6": {
      "iou": 0.4642415873246602,
      "accuracy": 0.6703690746895224,
      "dice": 0.634105179559725,
      "hd95": Infinity
    },
    "7": {
      "iou": 0.29973987072363234,
      "accuracy": 0.38459593405481945,
      "dice": 0.4612305546289838,
      "hd95": Infinity
    },
    "8": {
      "iou": 0.6634049172669073,
      "accuracy": 0.8412048459440282,
      "dice": 0.7976469353678824,
      "hd95": Infinity
    },
    "9": {
      "iou": 0.03460398492795901,
      "accuracy": 0.06229905566684061,
      "dice": 0.06689319861911906,
      "hd95": Infinity
    },
    "10": {
      "iou": 0.24323655413408446,
      "accuracy": 0.35289138909787293,
      "dice": 0.3912956924010314,
      "hd95": Infinity
    },
    "11": {
      "iou": 0.2494161992506326,
      "accuracy": 0.2939284402776733,
      "dice": 0.39925238587466044,
      "hd95": Infinity
    },
    "12": {
      "iou": 0.2719820707244252,
      "accuracy": 0.6641958733089051,
      "dice": 0.4276507931743483,
      "hd95": Infinity
    },
    "13": {
      "iou": 0.20568614686527145,
      "accuracy": 0.23945553729674568,
      "dice": 0.34119351441508383,
      "hd95": Infinity
    },
    "14": {
      "iou": 0.0015027063303327838,
      "accuracy": 0.0015049971750862087,
      "dice": 0.0030009031844535736,
      "hd95": Infinity
    },
    "15": {
      "iou": 0.639692786288197,
      "accuracy": 0.8108576338664835,
      "dice": 0.7802593164250987,
      "hd95": Infinity
    },
    "16": {
      "iou": 0.0,
      "accuracy": 0.0,
      "dice": 0.0,
      "hd95": Infinity
    },
    "17": {
      "iou": 0.0,
      "accuracy": 0.0,
      "dice": 0.0,
      "hd95": Infinity
    },
    "18": {
      "iou": 0.1512909004142777,
      "accuracy": 0.3668855400974448,
      "dice": 0.2628195886197616,
      "hd95": Infinity
    },
    "19": {
      "iou": 0.23313131648453336,
      "accuracy": 0.41540537542977557,
      "dice": 0.378112717385452,
      "hd95": Infinity
    },
    "20": {
      "iou": 0.4919513718706453,
      "accuracy": 0.5989673984584107,
      "dice": 0.6594737350639313,
      "hd95": Infinity
    }
  }
}