{
  "overall": {
    "pixel_accuracy": 0.8119797823677385,
    "mIoU": 0.2011800020388708,
    "mean_dice": 0.2775974324338526,
    "mean_hd95": 16.770776420727202
  },
  "per_class": {
    "0": {
      "iou": 0.8180523929504827,
      "accuracy": 0.9696122983205099,
      "dice": 0.8999216921607864,
      "hd95": 16.770776420727202
    },
    "1": {
      "iou": 0.0,
      "accuracy": 0.0,
      "dice": 0.0,
      "hd95": Infinity
    },
    "2": {
      "iou": 0.0,
      "accuracy": 0.0,
      "dice": 0.0,
      "hd95": Infinity
    },
    "3": {
      "iou": 0.2903933817322303,
      "accuracy": 0.3264867087956848,
      "dice": 0.45008504513934317,
      "hd95": Infinity
    },
    "4": {
      "iou": 0.0,
      "accuracy": 0.0,
      "dice": 0.0,
      "hd95": Infinity
    },
    "5": {
      "iou": 0.0,
      "accuracy": 0.0,
      "dice": 0.0,
      "hd95": Infinity
    },
    "6": {
      "iou": 0.44072783767242596,
      "accuracy": 0.5731196431694945,
      "dice": 0.6118127603953926,
      "hd95": Infinity
    },
    "7": {
      "iou": 0.24439204126750183,
      "accuracy": 0.3354303631030646,
      "dice": 0.39278946371044154,
      "hd95": Infinity
    },
    "8": {
      "iou": 0.617972205825554,
      "accuracy": 0.8280549172270576,
      "dice": 0.7638848227435896,
      "hd95": Infinity
    },
    "9": {
      "iou": 0.0,
      "accuracy": 0.0,
      "dice": 0.0,
      "hd95": Infinity
    },
    "10": {
      "iou": 0.0,
      "accuracy": 0.0,
      "dice": 0.0,
      "hd95": Infinity
    },
    "11": {
      "iou": 0.16344751524063847,
      "accuracy": 0.17900106627260298,
      "dice": 0.28097101605280794,
      "hd95": Infinity
    },
    "12": {
      "iou": 0.3582390308760526,
      "accuracy": 0.565233606519165,
      "dice": 0.527505133827573,
      "hd95": Infinity
    },
    "13": {
      "iou": 0.07627919860774053,
      "accuracy": 0.09504836083410245,
      "dice": 0.14174611700461034,
      "hd95": Infinity
    },
    "14": {
      "iou": 0.0885685786817242,
      "accuracy": 0.10076662315650023,
      "dice": 0.16272484878992616,
      "hd95": Infinity
    },
    "15": {
      "iou": 0.5615915926162425,
      "accuracy": 0.728998277670844,
      "dice": 0.7192553997750067,
      "hd95": Infinity
    },
    "16": {
      "iou": 0.0,
      "accuracy": 0.0,
      "dice": 0.0,
      "hd95": Infinity
    },
    "17": {
      "iou": 0.0,
      "accuracy": 0.0,
      "dice": 0.0,
      "hd95": Infinity
    },
    "18": {
      "iou": 0.000368855207564885,
      "accuracy": 0.0003689820288980016,
      "dice": 0.0007374384071330406,
      "hd95": Infinity
    },
    "19": {
      "iou": 0.24485626642481498,
      "accuracy": 0.29244704055602794,
      "dice": 0.3933888160888387,
      "hd95": Infinity
    },
    "20": {
      "iou": 0.3198911457133138,
      "accuracy": 0.4263796053882494,
      "dice": 0.48472352701545524,
      "hd95": Infinity
    }
  }
}