{
  "overall": {
    "pixel_accuracy": 0.8437742439645461,
    "mIoU": 0.31519152699253383,
    "mean_dice": 0.4462146355879568,
    "mean_hd95": 12.58737273682888
  },
  "per_class": {
    "0": {
      "iou": 0.8731427684759097,
      "accuracy": 0.9693884478477327,
      "dice": 0.932275727371647,
      "hd95": 12.58737273682888
    },
    "1": {
      "iou": 0.4025011440445915,
      "accuracy": 0.4423822166521001,
      "dice": 0.5739762077966537,
      "hd95": Infinity
    },
    "2": {
      "iou": 0.3078172504268877,
      "accuracy": 0.7707790176243613,
      "dice": 0.4707343481306923,
      "hd95": Infinity
    },
    "3": {
      "iou": 0.5084019364797231,
      "accuracy": 0.6877179939416468,
      "dice": 0.674093455045836,
      "hd95": Infinity
    },
    "4": {
      "iou": 0.22719660266762365,
      "accuracy": 0.25329665749770774,
      "dice": 0.37026928231997075,
      "hd95": Infinity
    },
    "5": {
      "iou": 0.12319996274781435,
      "accuracy": 0.15959885386819483,
      "dice": 0.21937316031673645,
      "hd95": Infinity
    },
    "6": {
      "iou": 0.4278571011919036,
      "accuracy": 0.5773526324995627,
      "dice": 0.5992996089521142,
      "hd95": Infinity
    },
    "7": {
      "iou": 0.23979865683951457,
      "accuracy": 0.37053706887832505,
      "dice": 0.3868348388936112,
      "hd95": Infinity
    },
    "8": {
      "iou": 0.5541346388144341,
      "accuracy": 0.8142312174099848,
      "dice": 0.7131102093408763,
      "hd95": Infinity
    },
    "9": {
      "iou": 0.05262051163060502,
      "accuracy": 0.06107866076388305,
      "dice": 0.09998002328320785,
      "hd95": Infinity
    },
    "10": {
      "iou": 0.13955048641395504,
      "accuracy": 0.2169482251555981,
      "dice": 0.24492198999116868,
      "hd95": Infinity
    },
    "11": {
      "iou": 0.2510584432023993,
      "accuracy": 0.2851858898066994,
      "dice": 0.40135366108037596,
      "hd95": Infinity
    },
    "12": {
      "iou": 0.2224047962695681,
      "accuracy": 0.2801599955246007,
      "dice": 0.36388076510871736,
      "hd95": Infinity
    },
    "13": {
      "iou": 0.3259983897427826,
      "accuracy": 0.40408497099850677,
      "dice": 0.4917025424231772,
      "hd95": Infinity
    },
    "14": {
      "iou": 0.3322460227322751,
      "accuracy": 0.3676040834615909,
      "dice": 0.49877577724102157,
      "hd95": Infinity
    },
    "15": {
      "iou": 0.6663039988405365,
      "accuracy": 0.8377720324622979,
      "dice": 0.7997388223327442,
      "hd95": Infinity
    },
    "16": {
      "iou": 0.2132497982605577,
      "accuracy": 0.2986876393205865,
      "dice": 0.3515348588003806,
      "hd95": Infinity
    },
    "17": {
      "iou": 1.3505422427104483e-05,
      "accuracy": 1.3510288084376252e-05,
      "dice": 2.7010480066265712e-05,
      "hd95": Infinity
    },
    "18": {
      "iou": 0.1305312656856788,
      "accuracy": 0.2071750232710257,
      "dice": 0.23092022246109267,
      "hd95": Infinity
    },
    "19": {
      "iou": 0.30723057159045647,
      "accuracy": 0.40493918444304783,
      "dice": 0.4700480210108015,
      "hd95": Infinity
    },
    "20": {
      "iou": 0.3137642153635648,
      "accuracy": 0.3555162276403738,
      "dice": 0.47765681496620027,
      "hd95": Infinity
    }
  }
}