{
  "overall": {
    "pixel_accuracy": 0.8312032380718753,
    "mIoU": 0.2980518332276925,
    "mean_dice": 0.4215900143192267,
    "mean_hd95": 27.388121684093733
  },
  "per_class": {
    "0": {
      "iou": 0.8684937974104086,
      "accuracy": 0.9571064370262545,
      "dice": 0.9296191388101748,
      "hd95": 12.264759139962543
    },
    "1": {
      "iou": 0.5252570829724832,
      "accuracy": 0.5950924292145578,
      "dice": 0.6887456401105062,
      "hd95": 42.51148422822492
    },
    "2": {
      "iou": 0.18239068914663797,
      "accuracy": 0.3181423158480203,
      "dice": 0.3085117141412439,
      "hd95": Infinity
    },
    "3": {
      "iou": 0.4097501123053095,
      "accuracy": 0.4833474378544255,
      "dice": 0.5813088557024636,
      "hd95": Infinity
    },
    "4": {
      "iou": 0.3945732547938338,
      "accuracy": 0.5248478786363258,
      "dice": 0.5658695280975619,
      "hd95": Infinity
    },
    "5": {
      "iou": 0.024743542207390928,
      "accuracy": 0.030191524656914492,
      "dice": 0.04829216518718642,
      "hd95": Infinity
    },
    "6": {
      "iou": 0.3973314349755272,
      "accuracy": 0.6077357005422425,
      "dice": 0.5687003455733264,
      "hd95": Infinity
    },
    "7": {
      "iou": 0.42789268608214875,
      "accuracy": 0.5620208354404774,
      "dice": 0.5993345161760026,
      "hd95": Infinity
    },
    "8": {
      "iou": 0.5403412347614506,
      "accuracy": 0.7763177595646202,
      "dice": 0.7015864050995585,
      "hd95": Infinity
    },
    "9": {
      "iou": 0.10909856063147957,
      "accuracy": 0.16146245391957176,
      "dice": 0.19673375208306626,
      "hd95": Infinity
    },
    "10": {
      "iou": 0.20033284986425676,
      "accuracy": 0.3684255522878052,
      "dice": 0.33379549661897867,
      "hd95": Infinity
    },
    "11": {
      "iou": 0.2208816192009277,
      "accuracy": 0.2561930086142438,
      "dice": 0.3618395358355803,
      "hd95": Infinity
    },
    "12": {
      "iou": 0.24014129603999257,
      "accuracy": 0.32516572962994045,
      "dice": 0.3872805410267515,
      "hd95": Infinity
    },
    "13": {
      "iou": 0.1366281399785191,
      "accuracy": 0.191860072484974,
      "dice": 0.24040956786641093,
      "hd95": Infinity
    },
    "14": {
      "iou": 0.351673533721255,
      "accuracy": 0.4477244832355978,
      "dice": 0.520352770025869,
      "hd95": Infinity
    },
    "15": {
      "iou": 0.5662579769510165,
      "accuracy": 0.8215219011679189,
      "dice": 0.7230711482834169,
      "hd95": Infinity
    },
    "16": {
      "iou": 0.05536332179930796,
      "accuracy": 0.06053185143323601,
      "dice": 0.10491803278688525,
      "hd95": Infinity
    },
    "17": {
      "iou": 0.0,
      "accuracy": 0.0,
      "dice": 0.0,
      "hd95": Infinity
    },
    "18": {
      "iou": 0.10288216313061602,
      "accuracy": 0.18876785160213674,
      "dice": 0.18656963829857773,
      "hd95": Infinity
    },
    "19": {
      "iou": 0.2507977275764401,
      "accuracy": 0.28447262375688565,
      "dice": 0.4010204400712953,
      "hd95": Infinity
    },
    "20": {
      "iou": 0.2542574742325416,
      "accuracy": 0.334103640432347,
      "dice": 0.40543106890890535,
      "hd95": Infinity
    }
  }
}