{
  "overall": {
    "pixel_accuracy": 0.7868938303413475,
    "mIoU": 0.13877320949264574,
    "mean_dice": 0.1920366261883232,
    "mean_hd95": 15.538793462934203
  },
  "per_class": {
    "0": {
      "iou": 0.8359321232774068,
      "accuracy": 0.9598046710947471,
      "dice": 0.9106351075606717,
      "hd95": 15.538793462934203
    },
    "1": {
      "iou": 0.0,
      "accuracy": 0.0,
      "dice": 0.0,
      "hd95": Infinity
    },
    "2": {
      "iou": 0.0,
      "accuracy": 0.0,
      "dice": 0.0,
      "hd95": Infinity
    },
    "3": {
      "iou": 0.3543150946870441,
      "accuracy": 0.5935367020729692,
      "dice": 0.5232387884872824,
      "hd95": Infinity
    },
    "4": {
      "iou": 0.0,
      "accuracy": 0.0,
      "dice": 0.0,
      "hd95": Infinity
    },
    "5": {
      "iou": 0.0,
      "accuracy": 0.0,
      "dice": 0.0,
      "hd95": Infinity
    },
    "6": {
      "iou": 0.0008325532639970321,
      "accuracy": 0.0008439741122966591,
      "dice": 0.0016637213913193397,
      "hd95": Infinity
    },
    "7": {
      "iou": 0.0,
      "accuracy": 0.0,
      "dice": 0.0,
      "hd95": Infinity
    },
    "8": {
      "iou": 0.30166521795323403,
      "accuracy": 0.3874606966858274,
      "dice": 0.46350661259517834,
      "hd95": Infinity
    },
    "9": {
      "iou": 0.005049444094328906,
      "accuracy": 0.005462319255306614,
      "dice": 0.010048150613881621,
      "hd95": Infinity
    },
    "10": {
      "iou": 8.547739123001965e-06,
      "accuracy": 8.549346829902196e-06,
      "dice": 1.709533211956475e-05,
      "hd95": Infinity
    },
    "11": {
      "iou": 0.19727594827131756,
      "accuracy": 0.31458138845505507,
      "dice": 0.32954132012115284,
      "hd95": Infinity
    },
    "12": {
      "iou": 0.19825082448116904,
      "accuracy": 0.5072398907256673,
      "dice": 0.3309003765000699,
      "hd95": Infinity
    },
    "13": {
      "iou": 0.0,
      "accuracy": 0.0,
      "dice": 0.0,
      "hd95": Infinity
    },
    "14": {
      "iou": 0.0003455509103563068,
      "accuracy": 0.00034580841239844923,
      "dice": 0.0006908630923421232,
      "hd95": Infinity
    },
    "15": {
      "iou": 0.43527950579761376,
      "accuracy": 0.8133949372887426,
      "dice": 0.6065431911197258,
      "hd95": Infinity
    },
    "16": {
      "iou": 0.0,
      "accuracy": 0.0,
      "dice": 0.0,
      "hd95": Infinity
    },
    "17": {
      "iou": 0.0,
      "accuracy": 0.0,
      "dice": 0.0,
      "hd95": Infinity
    },
    "18": {
      "iou": 0.1302448743826219,
      "accuracy": 0.3365786979965953,
      "dice": 0.23047195759903988,
      "hd95": Infinity
    },
    "19": {
      "iou": 4.4335739778764656e-05,
      "accuracy": 4.436393212318385e-05,
      "dice": 8.866754841617591e-05,
      "hd95": Infinity
    },
    "20": {
      "iou": 0.45499337874756923,
      "accuracy": 0.5578095976364248,
      "dice": 0.625423297993588,
      "hd95": Infinity
    }
  }
}