{
  "overall": {
    "pixel_accuracy": 0.8173866520585219,
    "mIoU": 0.1714898091906297,
    "mean_dice": 0.2309782142272585,
    "mean_hd95": 24.84163598121599
  },
  "per_class": {
    "0": {
      "iou": 0.8713430142173381,
      "accuracy": 0.9630430616546994,
      "dice": 0.9312488491926902,
      "hd95": 11.870133729976853
    },
    "1": {
      "iou": 0.0002389171287104242,
      "accuracy": 0.00023911215184446166,
      "dice": 0.0004777201219009966,
      "hd95": Infinity
    },
    "2": {
      "iou": 0.0,
      "accuracy": 0.0,
      "dice": 0.0,
      "hd95": Infinity
    },
    "3": {
      "iou": 0.0014620110428493662,
      "accuracy": 0.0014869065226160063,
      "dice": 0.0029197533740235133,
      "hd95": Infinity
    },
    "4": {
      "iou": 9.995169001649203e-05,
      "accuracy": 0.00010002500625156288,
      "dice": 0.00019988340134921296,
      "hd95": Infinity
    },
    "5": {
      "iou": 0.0,
      "accuracy": 0.0,
      "dice": 0.0,
      "hd95": Infinity
    },
    "6": {
      "iou": 0.3862831880070305,
      "accuracy": 0.690042854644044,
      "dice": 0.557293331332056,
      "hd95": 16.548683570732972
    },
    "7": {
      "iou": 0.39165062855738914,
      "accuracy": 0.5804288459593405,
      "dice": 0.5628576893086757,
      "hd95": Infinity
    },
    "8": {
      "iou": 0.6028804615300487,
      "accuracy": 0.8612454675060054,
      "dice": 0.7522463165525918,
      "hd95": Infinity
    },
    "9": {
      "iou": 5.876377800723634e-05,
      "accuracy": 5.8915616004847914e-05,
      "dice": 0.00011752065005708146,
      "hd95": Infinity
    },
    "10": {
      "iou": 0.0006916101709387114,
      "accuracy": 0.0006924970932220779,
      "dice": 0.0013822643537914146,
      "hd95": Infinity
    },
    "11": {
      "iou": 5.2818993710138164e-05,
      "accuracy": 5.309241176704819e-05,
      "dice": 0.0001056324080227814,
      "hd95": Infinity
    },
    "12": {
      "iou": 0.14998398950931657,
      "accuracy": 0.36684288551369193,
      "dice": 0.26084535241801554,
      "hd95": Infinity
    },
    "13": {
      "iou": 0.0008362577465840364,
      "accuracy": 0.0008404054956516519,
      "dice": 0.0016711180077886036,
      "hd95": Infinity
    },
    "14": {
      "iou": 0.22359880739122967,
      "accuracy": 0.35503808763077405,
      "dice": 0.36547732155436286,
      "hd95": Infinity
    },
    "15": {
      "iou": 0.5403198589133592,
      "accuracy": 0.8894191283571815,
      "dice": 0.701568386314951,
      "hd95": 46.106090642938156
    },
    "16": {
      "iou": 0.0,
      "accuracy": 0.0,
      "dice": 0.0,
      "hd95": Infinity
    },
    "17": {
      "iou": 0.0,
      "accuracy": 0.0,
      "dice": 0.0,
      "hd95": Infinity
    },
    "18": {
      "iou": 0.007741239753769521,
      "accuracy": 0.010113461973886136,
      "dice": 0.015363546609764642,
      "hd95": Infinity
    },
    "19": {
      "iou": 0.2483204552067505,
      "accuracy": 0.28395874154312545,
      "dice": 0.3978472902066208,
      "hd95": Infinity
    },
    "20": {
      "iou": 0.17572401936617493,
      "accuracy": 0.6099515876614354,
      "dice": 0.2989205229657664,
      "hd95": Infinity
    }
  }
}